,Table 44:,Student Enrolment at various levels through Regular mode during last 5 years,,,,,,,,,Student Enrolment at various levels through Regular mode during last 5 years,,,,,,,,,Student Enrolment at various levels through Regular mode during last 5 years,,,,,,,,
"Sl. 
No.",State/UTs,Ph.D.,,,M.Phil.,,,Post Graduate,,,Under Graduate,,,PG Diploma,,,Diploma,,,Certificate,,,Integrated,,,Grand Total,,
,,Male,Female,Both,Male,Female,Both,Male,Female,Both,Male,Female,Both,Male,Female,Both,Male,Female,Both,Male,Female,Both,Male,Female,Both,Male,Female,Both
1,2,3,4,5,6,7,8,9,10,11,12,13,14,15,16,17,18,19,20,21,22,23,24,25,26,27,28,29
,India,,,,,,,,,,,,,,,,,,,,,,,,,,,
,2020-21,116756,95086,211842,6345,10399,16744,1496213,1955015,3451228,15009256,14687217,29696473,69158,60147,129305,1797136,1021519,2818655,52362,47042,99404,211932,173256,385188,18759158,18049681,36808839
,2019-20,111400,91049,202449,9010,14855,23865,1355452,1835637,3191089,13817639,13911801,27729440,65483,62800,128283,1681882,870620,2552502,55369,69754,125123,167938,128748,296686,17264173,16985264,34249437
,2018-19,95015,74102,169117,11623,19069,30692,1306690,1736745,3043435,13586745,13542118,27128863,64495,60825,125320,1732260,836941,2569201,55074,64805,119879,138422,102391,240813,16990324,16436996,33427320
,2017-18,92570,68842,161412,12287,21822,34109,1278165,1657638,2935803,13484766.15,12977172.6,26461938.74,75195,69989,145184,1765994,819196,2585190,40649,50972,91621,114233,81293,195526,16863859,15746925,32610784
,2016-17,81795,59242,141037,16464,26803,43267,1266377,1542745,2809122,13383665,12307907,25691572,72222,63047,135269,1758429,754664,2513093,49518,59531,109049,102267,71448,173715,16730737,14885387,31616124
1,Andaman and Nicobar Islands,,,,,,,,,,,,,,,,,,,,,,,,,,,
,2020-21,7,12,19,,,,69,283,352,2473,3423,5896,14,,14,601,414,1015,39,33,72,145,224,369,3348,4389,7737
,2019-20,5,9,14,,,,69,283,352,1933,2757,4690,,,,293,231,524,46,36,82,145,224,369,2491,3540,6031
,2018-19,44,23,67,,,,133,322,455,2322,3573,5895,,,,525,325,850,,,,46,142,188,3070,4385,7455
,2017-18,42,26,68,,,,125,313,438,2178,3145,5323,,,,416,257,673,,,,26,91,117,2787,3832,6619
,2016-17,64,21,85,,,,130,318,448,2165,2974,5139,,,,452,238,690,,,,24,91,115,2835,3642,6477
2,Andhra Pradesh,,,,,,,,,,,,,,,,,,,,,,,,,,,
,2020-21,4283,2708,6991,70,48,118,89655,91447,181102,765880,704221,1470101,187,135,322,96256,66003,162259,356,442,798,8429,4528,12957,965116,869532,1834648
,2019-20,3837,2879,6716,175,102,277,88923,85176,174099,671286,602648,1273934,792,468,1260,92704,59683,152387,3921,6903,10824,8650,4362,13012,870288,762221,1632509
,2018-19,3054,1927,4981,249,182,431,93827,82209,176036,653301,567063,1220364,837,498,1335,97199,63905,161104,327,636,963,7389,3578,10967,856183,719998,1576181
,2017-18,4007,2282,6289,555,342,897,103187,85391,188578,660999,549687,1210686.002,996,533,1529,100748,66008,166756,258,529,787,7132,2900,10032,877883,707671,1585554
,2016-17,2932,1740,4672,790,472,1262,104560,81112,185672,625596,503014,1128610,928,494,1422,98834,64531,163365,142,479,621,6378,2536,8914,840160,654378,1494538
3,Arunachal Pradesh,,,,,,,,,,,,,,,,,,,,,,,,,,,
,2020-21,470,258,728,56,74,130,4281,3678,7959,19091,15895,34986,87,68,155,1370,1081,2451,310,162,472,1196,726,1922,26861,21942,48803
,2019-20,565,421,986,57,88,145,2874,2296,5170,16058,13373,29431,59,59,118,1263,583,1846,299,119,418,1015,628,1643,22190,17567,39757
,2018-19,396,280,676,47,77,124,2158,1635,3793,14019,12954,26973,73,40,113,814,554,1368,265,84,349,308,94,402,18080,15718,33798
,2017-18,397,247,644,43,67,110,1659,1521,3180,13539,12775,26314,45,30,75,1188,648,1836,246,79,325,177,49,226,17294,15416,32710
,2016-17,365,270,635,48,68,116,1439,1417,2856,13139,11893,25032,71,51,122,672,431,1103,266,74,340,59,10,69,16059,14214,30273
4,Assam,,,,,,,,,,,,,,,,,,,,,,,,,,,
,2020-21,3648,2356,6004,126,180,306,13634,20125,33759,282547,295148,577695,389,630,1019,12627,9364,21991,387,785,1172,2459,2783,5242,315817,331371,647188
,2019-20,3214,2413,5627,245,371,616,12716,17995,30711,241521,259643,501164,473,576,1049,10655,7374,18029,739,1165,1904,2446,2247,4693,272009,291784,563793
,2018-19,2970,1970,4940,192,272,464,13127,17545,30672,265072,276843,541915,681,737,1418,8613,5531,14144,753,1025,1778,2377,2172,4549,293785,306095,599880
,2017-18,2633,1704,4337,129,224,353,12126,15972,28097,251898,263822,515720,686,733,1419,6877,4815,11692,1077,1352,2429,2630,2651,5281,278056,291273,569329
,2016-17,2545,1573,4118,76,152,228,10797,14105,24902,248429,248071,496500,696,556,1252,6971,4648,11619,963,1322,2285,2472,2476,4948,272949,272903,545852
5,Bihar,,,,,,,,,,,,,,,,,,,,,,,,,,,
,2020-21,2625,1183,3808,50,23,73,50051,48189,98240,1057661,864953,1922614,886,459,1345,56644,48657,105301,3264,2885,6149,2592,1333,3925,1173773,967682,2141455
,2019-20,1665,1034,2699,55,15,70,37369,35886,73255,801196,647494,1448690,788,401,1189,42497,25277,67774,4024,2562,6586,2258,1026,3284,889852,713695,1603547
,2018-19,2239,1123,3362,,,,49296,40098,89394,760584,580133,1340717,749,373,1122,34380,17715,52095,2705,1439,4144,1952,896,2848,851905,641777,1493682
,2017-18,1902,954,2856,,,,37001,32460,69461,723821,550366,1274187,681,272,953,27280,11228,38508,2336,1075,3411,1512,788,2300,794533,597143,1391676
,2016-17,1502,726,2228,,,,44327,33630,77957,796541,597755,1394296,669,231,900,22034,6985,29019,2865,1539,4404,1212,640,1852,869150,641506,1510656
6,Chandigarh,,,,,,,,,,,,,,,,,,,,,,,,,,,
,2020-21,323,427,750,158,29,187,4244,8142,12386,26105,28727,54832,175,419,594,1824,1260,3084,222,222,444,883,1087,1970,33934,40313,74247
,2019-20,409,550,959,140,48,188,4482,8372,12854,26617,28722,55339,264,437,701,2047,1223,3270,409,259,668,1139,1290,2429,35507,40901,76408
,2018-19,353,508,861,145,43,188,4184,8052,12236,26406,28567,54973,257,428,685,1391,1214,2605,549,204,753,1111,1091,2202,34396,40107,74503
,2017-18,472,415,887,168,67,235,4854,8340,13194,26276,29050,55325,243,350,593,1438,1201,2639,456,244,700,1058,1133,2191,34965,40800,75764
,2016-17,629,625,1254,56,87,143,4532,8091,12623,25672,27863,53535,182,359,541,1447,1230,2677,363,195,558,1100,1264,2364,33981,39714,73695
7,Chhattisgarh,,,,,,,,,,,,,,,,,,,,,,,,,,,
,2020-21,910,744,1654,36,22,58,25566,39663,65229,203718,251446,455164,4450,4591,9041,21367,15337,36704,269,424,693,1542,1540,3082,257858,313767,571625
,2019-20,824,691,1515,109,89,198,23040,34523,57563,173403,219635,393038,4672,5099,9771,22197,15478,37675,210,335,545,1882,1848,3730,226337,277698,504035
,2018-19,965,509,1474,193,151,344,22060,30531,52591,171481,204922,376403,4491,4916,9407,23015,15902,38917,190,365,555,1357,1444,2801,223752,258740,482492
,2017-18,740,425,1165,149,150,299,19804,27619,47423,166217,188330,354547,4163,4377,8540,23120,16310,39430,211,313,524,1014,1005,2019,215418,238529,453947
,2016-17,778,488,1266,141,136,277,19086,25009,44095,163885,172395,336280,3391,3575,6966,22196,15176,37372,220,384,604,938,921,1859,210635,218084,428719
8,Delhi,,,,,,,,,,,,,,,,,,,,,,,,,,,
,2020-21,8112,7332,15444,772,764,1536,20904,21417,42321,167197,185508,352705,4076,2979,7055,15220,12709,27929,1415,1143,2558,3735,2228,5963,221431,234080,455511
,2019-20,8812,7458,16270,650,672,1322,24635,24080,48715,162498,178598,341096,2692,2215,4907,17816,12949,30765,2340,1627,3967,2999,1497,4496,222442,229096,451538
,2018-19,4918,4493,9411,2402,2684,5086,25115,24578,49693,159224,169739,328963,1933,1797,3730,16697,12316,29013,2348,1656,4004,3189,1882,5071,215826,219145,434971
,2017-18,7580,7132,14712,1243,1380,2623,24109,24492,48602,157782,164764,322546,2468,1714,4182,17060,11596,28656,2257,1471,3728,2126,1019,3145,214626,213568,428194
,2016-17,5319,4604,9923,3028,3380,6408,22423,20826,43249,149412,151142,300554,2776,1705,4481,16604,11471,28075,1895,1283,3178,2020,754,2774,203477,195165,398642
9,Goa,,,,,,,,,,,,,,,,,,,,,,,,,,,
,2020-21,276,340,616,6,2,8,2169,3376,5545,17717,21797,39514,24,71,95,4656,1534,6190,17,14,31,422,923,1345,25287,28057,53344
,2019-20,217,216,433,1,4,5,1799,3139,4938,15641,20727,36368,39,52,91,4412,872,5284,20,4,24,196,528,724,22325,25542,47867
,2018-19,167,129,296,,,,1615,2846,4461,16567,21225,37792,37,29,66,5566,751,6317,11,,11,213,479,692,24176,25459,49635
,2017-18,71,41,112,,,,1436,2563,3998,13379,19031,32410,43,37,80,5924,782,6706,12,,12,198,376,574,21062,22830,43892
,2016-17,194,294,488,2,1,3,1596,2672,4268,12906,17831,30737,64,52,116,5844,800,6644,13,,13,131,169,300,20750,21819,42569
10,Gujarat,,,,,,,,,,,,,,,,,,,,,,,,,,,
,2020-21,4819,3202,8021,135,177,312,79326,91062,170388,675468,523944,1199412,2645,2541,5186,100057,49305,149362,13273,2943,16216,9405,7575,16980,885128,680749,1565877
,2019-20,4380,3050,7430,468,469,937,62682,81184,143866,652694,509260,1161954,3055,3009,6064,94354,44466,138820,3719,4424,8143,7635,6880,14515,828987,652742,1481729
,2018-19,3589,2328,5917,470,414,884,57767,76620,134387,619723,479352,1099075,2891,2993,5884,97310,40022,137332,3217,4378,7595,7727,7389,15116,792694,613496,1406190
,2017-18,3256,1995,5251,306,291,597,55820,71116,126936,615711,471275,1086986,2859,3007,5866,102583,37803,140386,3288,4239,7527,7115,7290,14405,790938,597016,1387954
,2016-17,3035,1953,4988,352,406,758,65749,79069,144818,607268,455387,1062655,3045,3089,6134,105649,34552,140201,2712,3481,6193,5886,6383,12269,793696,584320,1378016
11,Haryana,,,,,,,,,,,,,,,,,,,,,,,,,,,
,2020-21,2046,2502,4548,104,142,246,31622,57938,89560,305577,349690,655267,1089,1109,2198,59805,26628,86433,659,984,1643,9775,7662,17437,410677,446655,857332
,2019-20,1810,2356,4166,80,230,310,28328,52669,80997,282926,333714,616640,1372,1360,2732,49268,21295,70563,1621,1778,3399,8715,4334,13049,374120,417736,791856
,2018-19,1827,1966,3793,154,287,441,28449,52423,80872,297161,339410,636571,1062,1097,2159,49547,21885,71432,1175,1577,2752,8489,5960,14449,387276,421757,809033
,2017-18,1632,1696,3328,170,270,440,26862,49009,75872,306411,304134,610545,1199,896,2095,45327,20664,65991,1241,1831,3072,8294,4858,13152,391136,383359,774495
,2016-17,1817,1784,3601,208,260,468,25922,47851,73773,303902,284392,588294,1036,971,2007,49077,19177,68254,1007,1834,2841,6428,3988,10416,389397,360257,749654
12,Himachal Pradesh,,,,,,,,,,,,,,,,,,,,,,,,,,,
,2020-21,1100,1012,2112,136,134,270,8255,11665,19920,86266,110790,197056,364,572,936,8096,7505,15601,324,236,560,1504,965,2469,106045,132879,238924
,2019-20,1027,897,1924,118,214,332,7680,10928,18608,88779,113683,202462,354,682,1036,8449,7753,16202,590,677,1267,990,523,1513,107987,135357,243344
,2018-19,1121,794,1915,95,179,274,7690,10949,18639,89450,113337,202787,747,645,1392,8284,7872,16156,899,1050,1949,913,419,1332,109199,135245,244444
,2017-18,906,794,1700,92,167,259,7402,11051,18453,87359,109341,196700,445,742,1187,7925,8091,16016,572,851,1423,762,397,1159,105463,131434,236897
,2016-17,721,608,1329,104,163,267,6621,10240,16861,88384,104863,193247,325,536,861,7896,7376,15272,425,517,942,647,269,916,105123,124572,229695
13,Jammu and Kashmir,,,,,,,,,,,,,,,,,,,,,,,,,,,
,2020-21,2412,2033,4445,117,180,297,9240,11038,20278,109709,121257,230966,159,98,257,12399,11890,24289,805,746,1551,4509,5401,9910,139350,152643,291993
,2019-20,2080,1909,3989,94,156,250,9412,9747,19159,112144,118427,230571,220,145,365,8637,6219,14856,988,1119,2107,2846,3540,6386,136421,141262,277683
,2018-19,1392,1291,2683,143,174,317,9388,9852,19240,108605,127493,236098,262,207,469,8256,3914,12170,124,116,240,2618,2894,5512,130788,145941,276729
,2017-18,1235,1261,2496,119,123,242,9729,10431,20160,97068,121183,218251,182,128,310,7515,3186,10701,8,3,11,1532,1875,3407,117388,138190,255578
,2016-17,991,977,1968,109,143,252,8417,8882,17299,95847,113913,209760,296,235,531,7231,2745,9976,14,1,15,1021,1465,2486,113926,128361,242287
14,Jharkhand,,,,,,,,,,,,,,,,,,,,,,,,,,,
,2020-21,1738,919,2657,18,63,81,31936,48853,80789,286992,299084,586076,885,519,1404,27901,14312,42213,1160,800,1960,1815,1030,2845,352445,365580,718025
,2019-20,2469,1020,3489,33,74,107,32122,47381,79503,300527,314385,614912,1516,869,2385,26778,10714,37492,672,1256,1928,2095,1222,3317,366212,376921,743133
,2018-19,2108,795,2903,46,110,156,24359,34374,58733,281348,285456,566804,1416,738,2154,23712,8747,32459,656,1280,1936,2252,1326,3578,335897,332826,668723
,2017-18,1158,640,1798,79,125,204,21129,28978,50107,278327,278589,556916,1817,895,2712,21144,7797,28941,471,1070,1541,2316,1329,3645,326441,319423,645864
,2016-17,1157,648,1805,209,368,577,20497,24039,44536,274718,263353,538071,1779,839,2618,18505,4947,23452,272,832,1104,2378,1485,3863,319515,296511,616026
15,Karnataka,,,,,,,,,,,,,,,,,,,,,,,,,,,
,2020-21,5752,5276,11028,60,189,249,96240,125432,221672,909437,902573,1812010,2852,2455,5307,137320,113894,251214,2362,2132,4494,7274,6681,13955,1161297,1158632,2319929
,2019-20,8422,6566,14988,160,368,528,86081,111740,197821,828434,847140,1675574,2861,2790,5651,113133,80208,193341,1148,1495,2643,6382,5074,11456,1046621,1055381,2102002
,2018-19,8070,5230,13300,152,316,468,80841,101159,182000,754255,777917,1532172,2280,2251,4531,113266,72897,186163,1281,1793,3074,4495,3652,8147,964640,965215,1929855
,2017-18,9103,5087,14190,189,338,527,80938,96783,177721,719930,756748,1476679,2182,2062,4244,121254,77215,198469,2049,1637,3686,3879,3112,6991,939524,942983,1882507
,2016-17,6630,4211,10841,198,329,527,82065,87824,169889,697936,708806,1406742,2008,1884,3892,129732,75159,204891,1953,1759,3712,4406,3636,8042,924928,883608,1808536
16,Kerala,,,,,,,,,,,,,,,,,,,,,,,,,,,
,2020-21,3184,5554,8738,207,745,952,25672,80026,105698,328404,464401,792805,571,641,1212,48832,33114,81946,1226,3429,4655,4226,5505,9731,412322,593415,1005737
,2019-20,2817,4687,7504,197,676,873,21928,69228,91156,287531,410502,698033,399,467,866,41458,30502,71960,780,2510,3290,3701,4094,7795,358811,522666,881477
,2018-19,2503,4183,6686,204,685,889,20891,64717,85608,281525,397212,678737,476,462,938,36948,29262,66210,857,2626,3483,2828,2864,5692,346232,502011,848243
,2017-18,2256,3655,5911,280,630,910,19937,60432,80369,276683,392323,669007,639,422,1061,36183,30690,66873,740,2918,3658,2252,2159,4411,338971,493229,832200
,2016-17,2185,3121,5306,165,569,734,21369,57243,78612,273120,368794,641914,244,263,507,34801,28389,63190,726,2186,2912,2488,2389,4877,335098,462954,798052
17,Ladakh,,,,,,,,,,,,,,,,,,,,,,,,,,,
,2020-21,6,2,8,,,,70,23,93,740,1738,2478,,,,245,185,430,,,,47,91,138,1108,2039,3147
,2019-20,6,2,8,,,,26,28,54,798,1746,2544,,,,112,24,136,,,,57,98,155,999,1898,2897
18,Lakshadweep,,,,,,,,,,,,,,,,,,,,,,,,,,,
,2020-21,,,,,,,,26,26,133,401,534,,,,,,,,,,,,,133,427,560
,2019-20,,,,,,,,26,26,133,401,534,,,,,,,,,,,,,133,427,560
,2018-19,,,,,,,,26,26,127,392,519,,,,,,,,,,,,,127,418,545
,2017-18,,,,,,,4,33,37,112,403,515,,,,,,,,,,,,,116,436,552
,2016-17,,,,,,,1,12,13,148,363,511,,,,,,,,,,,,,149,375,524
19,Madhya Pradesh,,,,,,,,,,,,,,,,,,,,,,,,,,,
,2020-21,3676,2477,6153,91,58,149,148845,175910,324755,998782,903915,1902697,20339,19119,39458,102146,54906,157052,2269,1258,3527,16402,13083,29485,1292550,1170726,2463276
,2019-20,3006,2441,5447,427,449,876,116350,150926,267276,825452,753608,1579060,16921,19014,35935,74612,42157,116769,845,837,1682,10498,8326,18824,1048111,977758,2025869
,2018-19,2383,1710,4093,264,379,643,90434,112362,202796,719279,648370,1367649,18203,20074,38277,72142,43251,115393,1253,673,1926,8300,6086,14386,912258,832905,1745163
,2017-18,2427,1558,3985,299,466,765,83111,99069,182180,700005,604738,1304743,25153,29328,54481,93594,53399,146993,1224,819,2043,6118,3859,9977,911930,793236,1705167
,2016-17,1988,1284,3272,336,547,883,79470,92331,171801,678062,562793,1240855,23552,26292,49844,90285,48774,139059,1306,889,2195,4732,3163,7895,879731,736073,1615804
20,Maharashtra,,,,,,,,,,,,,,,,,,,,,,,,,,,
,2020-21,9358,6393,15751,385,349,734,188587,206097,394684,1581859,1341819,2923678,8734,6625,15359,215795,145439,361234,4706,4266,8972,8314,7527,15841,2017738,1718515,3736253
,2019-20,7122,4861,11983,760,716,1476,184339,215963,400302,1504364,1341482,2845846,9129,7369,16498,165508,129520,295028,6100,6516,12616,8085,7837,15922,1885407,1714264,3599671
,2018-19,4923,3873,8796,1007,1165,2172,177933,205550,383483,1504130,1321255,2825385,8490,6404,14894,198942,130061,329003,6034,5978,12012,7053,6470,13523,1908512,1680756,3589268
,2017-18,5365,3841,9206,1176,1245,2421,159620,172083,331703,1443382,1282847,2726229,8586,6051,14637,189102,117068,306170,5385,4725,10110,6076,5868,11944,1818692,1593728,3412420
,2016-17,4382,3146,7528,1300,1360,2660,160932,157145,318077,1429213,1213913,2643126,8742,5593,14335,198783,112369,311152,5096,4411,9507,5555,5367,10922,1814003,1503304,3317307
21,Manipur,,,,,,,,,,,,,,,,,,,,,,,,,,,
,2020-21,624,569,1193,,12,12,3099,4070,7169,60239,59595,119834,345,222,567,1615,2575,4190,160,186,346,,,,66082,67229,133311
,2019-20,538,507,1045,2,10,12,2744,3274,6018,52759,54453,107212,144,79,223,1376,2561,3937,55,90,145,,,,57618,60974,118592
,2018-19,601,487,1088,1,10,11,2433,2633,5066,46921,47938,94859,106,77,183,1261,1768,3029,46,72,118,,,,51369,52985,104354
,2017-18,332,314,646,,7,7,1995,2211,4206,43572,47757,91329,96,40,136,949,794,1743,,30,30,,,,46944,51153,98097
,2016-17,392,334,726,,3,3,2190,2041,4231,42698,44860,87558,114,57,171,1020,764,1784,,70,70,,,,46414,48129,94543
22,Meghalaya,,,,,,,,,,,,,,,,,,,,,,,,,,,
,2020-21,469,364,833,,,,3125,4882,8007,35316,43731,79047,42,37,79,1300,2194,3494,172,214,386,73,54,127,40497,51476,91973
,2019-20,492,378,870,10,23,33,2979,4304,7283,32135,37234,69369,32,37,69,1076,1637,2713,47,47,94,70,52,122,36841,43712,80553
,2018-19,475,678,1153,29,46,75,2479,3772,6251,31975,36789,68764,26,11,37,1083,1719,2802,,,,52,42,94,36119,43057,79176
,2017-18,466,513,979,29,57,86,2353,3121,5473,31670,34497,66167,17,32,49,873,1436,2309,5,73,78,40,27,67,35453,39755,75208
,2016-17,471,492,963,108,137,245,2100,2855,4955,31345,31952,63297,34,33,67,819,1147,1966,,,,21,17,38,34898,36633,71531
23,Mizoram,,,,,,,,,,,,,,,,,,,,,,,,,,,
,2020-21,551,436,987,56,59,115,1127,1313,2440,13723,12815,26538,,,,698,1435,2133,,20,20,29,23,52,16184,16101,32285
,2019-20,479,388,867,75,77,152,1143,1173,2316,10938,9351,20289,,,,649,1213,1862,304,159,463,47,26,73,13635,12387,26022
,2018-19,415,368,783,77,112,189,1217,1174,2391,10794,9069,19863,,,,666,1138,1804,285,171,456,66,44,110,13520,12076,25596
,2017-18,347,296,643,71,75,146,1168,1183,2351,10263,8879,19142,,,,609,1124,1733,190,143,333,66,37,103,12714,11737,24451
,2016-17,362,256,618,82,95,177,1076,1045,2121,11030,9661,20691,,,,619,1151,1770,,,,56,36,92,13225,12244,25469
24,Nagaland,,,,,,,,,,,,,,,,,,,,,,,,,,,
,2020-21,279,314,593,23,30,53,2077,2865,4942,17094,18734,35828,,19,19,841,1172,2013,98,99,197,6,,6,20418,23233,43651
,2019-20,270,307,577,10,28,38,1346,2205,3551,16442,18743,35185,23,95,118,827,963,1790,17,21,38,6,,6,18941,22362,41303
,2018-19,235,257,492,6,12,18,1299,1996,3295,16205,17857,34062,21,67,88,914,769,1683,69,59,128,15,,15,18764,21017,39781
,2017-18,222,201,423,11,23,34,979,1444,2423,15678,16947,32625,10,52,62,691,637,1328,55,45,100,15,,15,17661,19349,37010
,2016-17,94,138,232,1,9,10,951,1403,2354,14901,15810,30711,13,57,70,785,865,1650,43,35,78,15,,15,16803,18317,35120
25,Odisha,,,,,,,,,,,,,,,,,,,,,,,,,,,
,2020-21,1947,1324,3271,352,378,730,38709,36806,75515,353485,354989,708474,1480,866,2346,92556,40654,133210,1321,2268,3589,5929,6369,12298,495779,443654,939433
,2019-20,1923,1423,3346,419,584,1003,35798,34649,70447,363971,353662,717633,649,435,1084,88758,34198,122956,3383,5735,9118,4452,4458,8910,499353,435144,934497
,2018-19,2052,1670,3722,523,638,1161,31016,30870,61886,394120,357910,752030,556,367,923,93290,32225,125515,4284,5775,10059,3805,3945,7750,529646,433400,963046
,2017-18,1671,1311,2982,404,676,1080,27040,28156,55196,390228,375364,765592,621,341,962,89685,30068,119753,2975,4498,7473,3459,3128,6587,516083,443543,959626
,2016-17,1388,1086,2474,471,777,1248,25600,23957,49557,385789,354689,740478,438,160,598,89698,29650,119348,3773,5598,9371,2835,2491,5326,509992,418408,928400
26,Puducherry,,,,,,,,,,,,,,,,,,,,,,,,,,,
,2020-21,271,325,596,,2,2,5386,7009,12395,26497,32765,59262,15,16,31,2806,1056,3862,1,6,7,354,381,735,35330,41560,76890
,2019-20,291,217,508,21,46,67,4134,5473,9607,22863,28309,51172,52,54,106,2866,1122,3988,,,,532,492,1024,30759,35713,66472
,2018-19,510,292,802,12,54,66,3788,4928,8716,23585,28067,51652,97,71,168,2803,1239,4042,7,6,13,505,458,963,31307,35115,66422
,2017-18,522,254,776,13,53,66,3647,4343,7990,20473,25118,45592,63,58,121,3121,1355,4476,15,1,16,656,581,1237,28480,31764,60244
,2016-17,604,334,938,19,61,80,3719,4030,7749,19615,23516,43131,140,89,229,3110,1194,4304,,2,2,614,532,1146,27821,29758,57579
27,Punjab,,,,,,,,,,,,,,,,,,,,,,,,,,,
,2020-21,4628,4938,9566,142,169,311,30225,48376,78601,279028,272962,551990,1514,2207,3721,48748,37553,86301,603,691,1294,8499,9348,17847,373387,376244,749631
,2019-20,4111,4888,8999,307,315,622,30990,57741,88731,289293,302541,591834,2144,3195,5339,59507,35448,94955,571,897,1468,6459,7025,13484,393382,412050,805432
,2018-19,4382,4713,9095,369,367,736,30100,61071,91171,304502,351837,656339,2383,3478,5861,64683,37704,102387,577,986,1563,6354,5603,11957,413350,465759,879109
,2017-18,3054,3823,6877,389,513,902,34969,72264,107232,335220,339528,674748,2894,4052,6946,81331,44775,126106,391,893,1284,5416,4495,9911,463664,470342,934006
,2016-17,3151,3692,6843,509,714,1223,30003,66793,96796,312815,301284,614099,2586,3698,6284,87281,41331,128612,692,1184,1876,4489,3822,8311,441526,422518,864044
28,Rajasthan,,,,,,,,,,,,,,,,,,,,,,,,,,,
,2020-21,6588,6379,12967,166,104,270,66114,105900,172014,922456,877498,1799954,4150,3099,7249,76632,31699,108331,3930,3916,7846,49141,43916,93057,1129177,1072511,2201688
,2019-20,5478,5372,10850,261,203,464,79931,107686,187617,837759,823253,1661012,3012,2578,5590,73593,26205,99798,4678,5390,10068,29964,24607,54571,1034676,995294,2029970
,2018-19,5296,5145,10441,116,160,276,55450,88245,143695,834092,819343,1653435,2689,2233,4922,73456,21307,94763,3401,4632,8033,16104,12310,28414,990604,953375,1943979
,2017-18,3925,4054,7979,173,182,355,57743,84109,141852,784493,712336,1496829,3175,2330,5505,84152,21093,105245,3014,4291,7305,7478,5588,13066,944154,833982,1778136
,2016-17,3672,3338,7010,420,191,611,46278,70062,116340,758502,662449,1420951,2826,2030,4856,76549,15578,92127,2725,4118,6843,5875,4238,10113,896847,762004,1658851
29,Sikkim,,,,,,,,,,,,,,,,,,,,,,,,,,,
,2020-21,115,80,195,34,30,64,1633,2312,3945,10347,10389,20736,,,,1072,1141,2213,61,11,72,153,222,375,13415,14185,27600
,2019-20,215,195,410,43,44,87,1190,1540,2730,8412,9660,18072,,,,1015,1053,2068,34,6,40,120,198,318,11029,12696,23725
,2018-19,211,188,399,37,42,79,1061,1264,2325,8156,9367,17523,,,,1016,1024,2040,37,10,47,110,185,295,10628,12080,22708
,2017-18,77,53,130,9,17,26,1002,1376,2378,7129,8897,16027,,,,900,952,1852,6,14,20,117,177,294,9240,11487,20726
,2016-17,107,89,196,72,75,147,774,1031,1805,6699,7760,14459,,,,816,675,1491,9,37,46,153,184,337,8630,9851,18481
30,Tamil Nadu,,,,,,,,,,,,,,,,,,,,,,,,,,,
,2020-21,17443,16968,34411,1696,5007,6703,106868,175312,282180,1091024,1186072,2277096,1232,1292,2524,238219,50394,288613,2574,4848,7422,11859,11193,23052,1470915,1451086,2922001
,2019-20,15816,14823,30639,2457,7298,9755,101932,180859,282791,1094717,1194788,2289505,1365,1751,3116,279043,55406,334449,3921,6572,10493,11312,10429,21741,1510563,1471926,2982489
,2018-19,13699,12121,25820,3281,9144,12425,110199,193722,303921,1085926,1178654,2264580,1515,1873,3388,308429,58445,366874,3496,6747,10243,10871,9442,20313,1537416,1470148,3007564
,2017-18,16267,13511,29778,4424,12755,17179,98085,173486,271571,1072395,1177662,2250057,1605,1913,3518,313156,62768,375924,2736,7326,10062,9199,7843,17042,1517867,1457264.015,2975131
,2016-17,16363,12321,28684,5850,14811,20661,100277,163173,263450,1041425,1096983,2138408,2048,1686,3734,323116,66461,389577,2401,9088,11489,8115,6655,14770,1499595,1371178,2870773
31,Telangana,,,,,,,,,,,,,,,,,,,,,,,,,,,
,2020-21,4228,2487,6715,106,74,180,68545,87864,156409,561388,593419,1154807,2111,1740,3851,55384,42988,98372,858,1017,1875,3866,2792,6658,696486,732381,1428867
,2019-20,3507,2001,5508,203,170,373,65433,82606,148039,511433,552425,1063858,1628,1270,2898,60259,45165,105424,686,825,1511,3629,2601,6230,646778,687063,1333841
,2018-19,2191,1239,3430,106,123,229,69250,85725,154975,529253,559635,1088888,1280,1012,2292,70370,47463,117833,696,533,1229,3113,2067,5180,676259,697797,1374056
,2017-18,3252,1632,4884,454,340,794,76279,88296,164576,549751,518250,1068001,1222,745,1967,77559,49160,126719,73,455,528,2945,2005,4950,711536,660883,1372419
,2016-17,2760,1440,4200,384,230,614,84340,81846,166186,566916,520211,1087127,882,514,1396,79588,47316,126904,226,627,853,2589,1760,4349,737685,653944,1391629
32,The Dadra and Nagar Haveli and Daman and Diu,,,,,,,,,,,,,,,,,,,,,,,,,,,
,2020-21,,,,,,,259,508,767,4020,4681,8701,,,,1647,397,2044,,,,22,36,58,5948,5622,11570
,2019-20,,,,,,,188,433,621,3436,4165,7601,,,,1685,381,2066,,,,11,26,37,5320,5005,10325
,2018-19,,,,,,,175,308,483,3127,3834,6961,,,,1686,355,2041,,,,6,14,20,4994,4511,9505
,2017-18,,,,,,,126,198,324,2707,3689,6396,,,,1821,319,2140,,,,4,2,6,4658,4208,8866
,2016-17,,,,,,,121,176,297,2784,3422,6206,,,,1938,285,2223,,,,,,,4843,3883,8726
33,Tripura,,,,,,,,,,,,,,,,,,,,,,,,,,,
,2020-21,452,220,672,2,10,12,2536,2425,4961,35886,32179,68065,47,107,154,2225,2603,4828,15,13,28,871,723,1594,42034,38280,80314
,2019-20,388,227,615,,,,2136,1932,4068,34858,28462,63320,17,46,63,2256,2109,4365,149,221,370,396,242,638,40200,33239,73439
,2018-19,147,79,226,,,,2286,1867,4153,32051,27988,60039,52,102,154,2312,1940,4252,68,112,180,701,427,1128,37617,32515,70132
,2017-18,75,44,119,,,,1673,1276,2950,31857,29014,60872,50,66,116,2159,1781,3940,114,108,222,563,322,885,36492,32612,69103
,2016-17,50,32,82,,,,1858,1386,3244,34293,29052,63345,54,102,156,2183,1661,3844,142,80,222,272,184,456,38852,32497,71349
34,Uttar Pradesh,,,,,,,,,,,,,,,,,,,,,,,,,,,
,2020-21,11560,8246,19806,234,381,615,250456,332791,583247,2781718,2708037,5489755,7063,5107,12170,213233,110525,323758,7153,8143,15296,32566,19340,51906,3303983,3192570,6496553
,2019-20,13693,10071,23764,217,320,537,214150,311564,525714,2594537,2742207,5336744,7380,5898,13278,196971,101043,298014,9178,12891,22069,26504,15133,41637,3062630,3199127,6261757
,2018-19,11715,7404,19119,326,431,757,221599,309829,531428,2607963,2755880,5363843,7722,5222,12944,177313,90672,267985,16241,17756,33997,21867,12337,34204,3064746,3199531,6264277
,2017-18,10069,5339,15408,350,510,860,241833,331580,573413,2723792,2635230,5359022,9419,6501,15920,177103,80266,257369,7190,7525,14715,20331,11549,31880,3190086,3078500,6268586
,2016-17,8838,4389,13227,370,502,872,229277,310861,540138,2703343,2474977,5178320,10193,6419,16612,162409,69093,231502,16492,15338,31830,20006,10264,30270,3150928,2891843,6042771
35,Uttarakhand,,,,,,,,,,,,,,,,,,,,,,,,,,,
,2020-21,4099,2533,6632,4,1,5,31382,40142,71524,194631,207892,402523,772,917,1689,20453,7620,28073,303,75,378,3951,2549,6500,255595,261729,517324
,2019-20,3449,2019,5468,21,13,34,22980,30380,53360,157586,158781,316367,734,842,1576,21397,7576,28973,292,55,347,3366,2286,5652,209825,201952,411777
,2018-19,2903,1759,4662,18,9,27,23575,28739,52314,157059,155233,312292,788,908,1696,23470,8387,31857,214,61,275,3092,1923,5015,211119,197019,408138
,2017-18,2419,1489,3908,11,5,16,21621,26538,48159,144591,149171,293762,660,504,1164,23891,8362,32253,232,85,317,2638,1655,4293,196063,187810,383872
,2016-17,1971,1204,3175,7,4,11,20030,24165,44195,139084,140816,279900,646,382,1028,24165,7700,31865,198,59,257,2560,1577,4137,188661,175907,364568
36,West Bengal,,,,,,,,,,,,,,,,,,,,,,,,,,,
,2020-21,8757,5173,13930,1003,963,1966,54306,58050,112356,796648,880729,1677377,2461,1487,3948,116546,73976,190522,2050,2631,4681,9939,5418,15357,991710,1028427,2020137
,2019-20,8063,4773,12836,1195,983,2178,43523,48248,91771,792565,875822,1668387,2697,1508,4205,114411,58012,172423,3583,3223,6806,9336,5595,14931,975373,998164,1973537
,2018-19,7161,4570,11731,959,803,1762,41496,44754,86250,776437,827504,1603941,2375,1715,4090,112901,54662,167563,3009,3005,6014,9144,4756,13900,953482,941769,1895251
,2017-18,4690,2255,6945,952,724,1676,38800,40401,79201,779869,792280,1572149,2976,1778,4754,99316,45548,144864,1852,2329,4181,7089,3125,10214,935544,888440,1823984
,2016-17,4338,2024,6362,1049,753,1802,37850,36105,73955,826083,780950,1607033,2444,1095,3539,87320,30795,118115,2579,2109,4688,6792,2682,9474,968455,856513,1824968
